Experiment,Obstacle density,Grid size,s/g distance,Path cost,Memory Allocation (KB),Execution time (ms)
2,0.25,250.0,66.46803743153546,70.88569978244914,7503.05654296875,147.56275
3,0.25,250.0,66.46803743153546,79.42813126546312,305.19287109375,49.505
4,0.25,250.0,66.46803743153546,69.62123368838186,86.621875,193.93062
