Experiment,Obstacle density,Grid size,s/g distance,Path cost,Memory Allocation (KB),Execution time (ms)
2,0.25,300.0,420.0214280248092,459.64212075605485,13002.83271484375,479.24791000000005
3,0.25,300.0,420.0214280248092,492.7903171404453,13619.290234375,3677.8080199999995
4,0.25,300.0,420.0214280248092,437.03349878470345,1725.6826171875,6079.27382
