Experiment,Obstacle density,Grid size,s/g distance,Path cost,Memory Allocation (KB),Execution time (ms)
2,0.25,250.0,66.46803743153546,70.88569978244914,7502.113671875,155.69194
3,0.25,250.0,66.46803743153546,79.42813126546312,304.63515625,49.6043
4,0.25,250.0,66.46803743153546,69.62123368838186,85.860546875,236.7859
