Experiment,Obstacle density,Grid size,s/g distance,Path cost,Memory Allocation (KB),Execution time (ms)
2,0.25,250.0,66.46803743153546,70.88569978244914,7502.113671875,205.06704
3,0.25,250.0,66.46803743153546,79.42813126546312,304.63515625,46.24777
4,0.25,250.0,66.46803743153546,69.62123368838186,85.860546875,197.98546000000002
